,Job Family,Total Benefits,Total Compensation,Percent_Total_Benefit
0,Administrative-DPW/PUC,51229.375,211619.265,24.208275650139885
1,Administrative-Labor & Trades,40747.28038461538,183954.14692307694,22.150781086579382
2,Agriculture & Horticulture,29090.556689419813,98555.28783845286,29.51699226641565
3,Airport Operation,33904.75925101212,123648.07950404842,27.420368668081114
4,Appraisal & Taxation,3016.4033333333336,9319.9,32.365189898317944
